
INSERT INTO `course` VALUES('402881e625a9b5300125a9bcf8820005','高等代数');
INSERT INTO `course` VALUES('402881e625a9cca50125a9daf58d0001','大学英语');
INSERT INTO `course` VALUES('402881e625a9cca50125a9db0dcc0002','大学语文');
INSERT INTO `course` VALUES('402881e625a9cca50125a9db2a060003','计算机基础');
INSERT INTO `course` VALUES('402881e625a9cca50125a9db59f10004','数学分析');

INSERT INTO `course_schedule` VALUES ('402881e625a9c1a40125a9c225170001','1',6,'402881e625a9b5300125a9b824170001','402881e625a9b5300125a9bcf8820005','402881e625a9b5300125a9bdeffd0006');
INSERT INTO `course_schedule` VALUES ('402881e625a9cca50125a9dd042a0008','1',4,'402881e625a9b5300125a9b824170001','402881e625a9cca50125a9daf58d0001','402881e625a9cca50125a9dbb4180005');
INSERT INTO `course_schedule` VALUES ('402881e625a9cca50125a9dd25b70009','1',6,'402881e625a9b5300125a9b824170001','402881e625a9cca50125a9db0dcc0002','402881e625a9cca50125a9dbf80f0006');
INSERT INTO `course_schedule` VALUES ('402881e625a9cca50125a9dd4ea4000a','1',2,'402881e625a9b5300125a9b824170001','402881e625a9cca50125a9db2a060003','402881e625a9cca50125a9dc213b0007');
INSERT INTO `course_schedule` VALUES ('402881e625a9cca50125a9ddf9a0000c','1',2,'402881e625a9b5300125a9b824170001','402881e625a9cca50125a9db59f10004','402881e625a9cca50125a9dda259000b');
INSERT INTO `course_schedule` VALUES ('402881e625a9cca50125a9e4b263000d','1',5,'402881e625a9b5300125a9b87b490002','402881e625a9b5300125a9bcf8820005','402881e625a9b5300125a9bdeffd0006');
INSERT INTO `course_schedule` VALUES ('402881e625a9cca50125a9e4e30b000e','2',6,'402881e625a9b5300125a9bc70c50003','402881e625a9b5300125a9bcf8820005','402881e625a9b5300125a9bdeffd0006');


INSERT INTO `mark` VALUES ('1','402881e625a9b5300125a9bcf8820005',99,'402881e625a9cca50125a9ed31fe000f');
INSERT INTO `mark` VALUES ('2','402881e625a9cca50125a9daf58d0001',85,'402881e625a9cca50125a9ed31fe000f');
INSERT INTO `mark` VALUES ('3','402881e625a9cca50125a9db0dcc0002',65,'402881e625a9cca50125a9ed31fe000f');
INSERT INTO `mark` VALUES ('4','402881e625a9cca50125a9db2a060003',78,'402881e625a9cca50125a9ed31fe000f');
INSERT INTO `mark` VALUES ('5','402881e625a9cca50125a9db59f10004',68,'402881e625a9cca50125a9ed31fe000f');
INSERT INTO `mark` VALUES ('6','402881e625a9b5300125a9bcf8820005',74,'402881e625a9cca50125a9edda1e0010');
INSERT INTO `mark` VALUES ('7','402881e625a9cca50125a9daf58d0001',75,'402881e625a9cca50125a9edda1e0010');
INSERT INTO `mark` VALUES ('8','402881e625a9cca50125a9db0dcc0002',76,'402881e625a9cca50125a9edda1e0010');

INSERT INTO `student` VALUES ('402881e625a9cca50125a9ed31fe000f','0509302-01','李小刚','2005年9月','1985年5月12日','男','402881e625a9b5300125a9b824170001');
INSERT INTO `student` VALUES ('402881e625a9cca50125a9edda1e0010','0509302-02','赵霞','2005年9月','1986年1月2日','女','402881e625a9b5300125a9b824170001');
INSERT INTO `student` VALUES ('402881e625a9cca50125a9ee962d0011','0509302-03','杨杰','2005年9月','1988年1月1日','男','402881e625a9b5300125a9b824170001');

INSERT INTO `teacher` VALUES ('402881e625a9b5300125a9bdeffd0006','王菲');
INSERT INTO `teacher` VALUES ('402881e625a9cca50125a9dbb4180005','张时红');
INSERT INTO `teacher` VALUES ('402881e625a9cca50125a9dbf80f0006','刘德宽');
INSERT INTO `teacher` VALUES ('402881e625a9cca50125a9dc213b0007','李专政');
INSERT INTO `teacher` VALUES ('402881e625a9cca50125a9dda259000b','赵辉');


INSERT INTO `teacher_course` VALUES ('tc1', '402881e625a9b5300125a9bcf8820005','402881e625a9b5300125a9bdeffd0006');
INSERT INTO `teacher_course` VALUES ('tc2', '402881e625a9cca50125a9db2a060003','402881e625a9b5300125a9bdeffd0006');
INSERT INTO `teacher_course` VALUES ('tc3', '402881e625a9cca50125a9db59f10004','402881e625a9b5300125a9bdeffd0006');
INSERT INTO `teacher_course` VALUES ('tc4', '402881e625a9cca50125a9daf58d0001','402881e625a9cca50125a9dbb4180005');
INSERT INTO `teacher_course` VALUES ('tc5', '402881e625a9cca50125a9db0dcc0002','402881e625a9cca50125a9dbf80f0006');
INSERT INTO `teacher_course` VALUES ('tc6', '402881e625a9cca50125a9db2a060003','402881e625a9cca50125a9dc213b0007');
INSERT INTO `teacher_course` VALUES ('tc7', '402881e625a9cca50125a9db59f10004','402881e625a9cca50125a9dda259000b');


INSERT INTO `team` VALUES ('402881e625a9b5300125a9b824170001','0509302');
INSERT INTO `team` VALUES ('402881e625a9b5300125a9b87b490002','0509301');
INSERT INTO `team` VALUES ('402881e625a9b5300125a9bc70c50003','0509303');
INSERT INTO `team` VALUES ('402881e625a9b5300125a9bc880b0004','0509304');

INSERT INTO `user` VALUES ('1','admin','admin');
INSERT INTO `user` VALUES ('402881e625a9b5300125a9bdeffd0006','abc','12345');
